Gender,Age,Event,County_Time,Regional_Time
F,10,50m Free,36.50,
F,11,50m Free,36.50,32.59
F,12,50m Free,34.00,32.59
F,13,50m Free,32.00,30.99
F,14,50m Free,30.00,29.99
F,15,50m Free,30.00,29.59
F,16,50m Free,30.00,28.99
F,17,50m Free,29.50,28.59
F,18,50m Free,29.50,28.59
F,19,50m Free,29.50,28.59
F,10,100m Free,1:21.00,
F,11,100m Free,1:21.00,1:11.59
F,12,100m Free,1:16.00,1:11.59
F,13,100m Free,1:10.00,1:07.59
F,14,100m Free,1:06.50,1:05.59
F,15,100m Free,1:06.00,1:04.59
F,16,100m Free,1:06.00,1:02.99
F,17,100m Free,1:05.50,1:01.99
F,18,100m Free,1:05.50,1:01.99
F,19,100m Free,1:05.50,1:01.99
F,10,200m Free,2:55.00,
F,11,200m Free,2:55.00,2:36.59
F,12,200m Free,2:44.00,2:36.59
F,13,200m Free,2:31.00,2:26.99
F,14,200m Free,2:24.00,2:21.99
F,15,200m Free,2:22.50,2:18.99
F,16,200m Free,2:22.00,2:15.99
F,17,200m Free,2:20.00,2:13.99
F,18,200m Free,2:20.00,2:13.99
F,19,200m Free,2:20.00,2:13.99
F,10,400m Free,6:03.00,
F,11,400m Free,6:03.00,5:33.99
F,12,400m Free,5:40.00,5:33.99
F,13,400m Free,5:15.00,5:15.59
F,14,400m Free,5:00.00,4:57.59
F,15,400m Free,4:52.00,4:52.59
F,16,400m Free,4:52.00,4:47.59
F,17,400m Free,4:52.00,4:43.59
F,18,400m Free,4:52.00,4:43.59
F,19,400m Free,4:52.00,4:43.59
F,10,800m Free,,
F,11,800m Free,,11:24.99
F,12,800m Free,11:30.00,11:24.99
F,13,800m Free,11:00.00,10:42.59
F,14,800m Free,10:25.00,10:05.59
F,15,800m Free,10:25.00,9:57.99
F,16,800m Free,10:25.00,9:49.99
F,17,800m Free,10:20.00,9:47.99
F,18,800m Free,10:20.00,9:47.99
F,19,800m Free,10:20.00,9:47.99
F,10,1500m Free,,
F,11,1500m Free,,21:29.99
F,12,1500m Free,22:50.00,21:29.99
F,13,1500m Free,21:50.00,20:34.99
F,14,1500m Free,20:30.00,19:45.99
F,15,1500m Free,20:30.00,19:09.99
F,16,1500m Free,20:15.00,18:59.99
F,17,1500m Free,20:00.00,18:44.99
F,18,1500m Free,20:00.00,18:44.99
F,19,1500m Free,20:00.00,18:44.99
F,10,50m Back,44.00,
F,11,50m Back,43.00,38.59
F,12,50m Back,40.50,38.59
F,13,50m Back,37.50,35.99
F,14,50m Back,35.00,34.99
F,15,50m Back,35.00,33.99
F,16,50m Back,35.00,33.59
F,17,50m Back,34.00,32.59
F,18,50m Back,34.00,32.59
F,19,50m Back,34.00,32.59
F,10,100m Back,1:33.00,
F,11,100m Back,1:33.00,1:21.99
F,12,100m Back,1:26.00,1:21.99
F,13,100m Back,1:20.00,1:16.99
F,14,100m Back,1:18.00,1:13.99
F,15,100m Back,1:16.00,1:12.59
F,16,100m Back,1:15.50,1:10.99
F,17,100m Back,1:15.00,1:09.59
F,18,100m Back,1:15.00,1:09.59
F,19,100m Back,1:15.00,1:09.59
F,10,200m Back,3:15.30,
F,11,200m Back,3:10.30,2:56.59
F,12,200m Back,3:00.00,2:56.59
F,13,200m Back,2:49.00,2:45.99
F,14,200m Back,2:41.50,2:39.99
F,15,200m Back,2:40.00,2:36.99
F,16,200m Back,2:38.00,2:34.99
F,17,200m Back,2:38.00,2:32.99
F,18,200m Back,2:38.00,2:32.99
F,19,200m Back,2:38.00,2:32.99
F,10,50m Breast,49.00,
F,11,50m Breast,49.00,42.59
F,12,50m Breast,45.00,42.59
F,13,50m Breast,42.00,40.59
F,14,50m Breast,40.50,38.59
F,15,50m Breast,40.00,37.99
F,16,50m Breast,39.50,37.59
F,17,50m Breast,39.00,36.99
F,18,50m Breast,39.00,36.99
F,19,50m Breast,39.00,36.99
F,10,100m Breast,1:47.00,
F,11,100m Breast,1:47.00,1:33.99
F,12,100m Breast,1:39.00,1:33.99
F,13,100m Breast,1:32.00,1:28.99
F,14,100m Breast,1:29.00,1:24.99
F,15,100m Breast,1:29.00,1:23.59
F,16,100m Breast,1:27.00,1:22.59
F,17,100m Breast,1:25.00,1:21.59
F,18,100m Breast,1:25.00,1:21.59
F,19,100m Breast,1:25.00,1:21.59
F,10,200m Breast,3:46.00,
F,11,200m Breast,3:42.00,3:21.99
F,12,200m Breast,3:25.00,3:21.99
F,13,200m Breast,3:20.00,3:12.99
F,14,200m Breast,3:12.00,3:03.99
F,15,200m Breast,3:08.00,3:01.99
F,16,200m Breast,3:08.00,2:59.99
F,17,200m Breast,3:03.00,2:56.99
F,18,200m Breast,3:03.00,2:56.99
F,19,200m Breast,3:03.00,2:56.99
F,10,50m Fly,43.00,
F,11,50m Fly,43.00,35.99
F,12,50m Fly,39.00,35.99
F,13,50m Fly,34.50,33.99
F,14,50m Fly,33.50,32.99
F,15,50m Fly,32.50,31.99
F,16,50m Fly,32.00,31.59
F,17,50m Fly,32.00,30.59
F,18,50m Fly,32.00,30.59
F,19,50m Fly,32.00,30.59
F,10,100m Fly,1:45.00,
F,11,100m Fly,1:45.00,1:25.99
F,12,100m Fly,1:35.00,1:25.99
F,13,100m Fly,1:26.00,1:18.99
F,14,100m Fly,1:20.00,1:14.59
F,15,100m Fly,1:17.00,1:11.99
F,16,100m Fly,1:17.00,1:10.59
F,17,100m Fly,1:15.00,1:07.99
F,18,100m Fly,1:15.00,1:07.99
F,19,100m Fly,1:15.00,1:07.99
F,10,200m Fly,3:50.00,
F,11,200m Fly,3:50.00,3:18.99
F,12,200m Fly,3:28.00,3:18.99
F,13,200m Fly,3:10.50,3:05.59
F,14,200m Fly,2:57.00,2:51.99
F,15,200m Fly,2:53.30,2:41.99
F,16,200m Fly,2:53.00,2:39.99
F,17,200m Fly,2:51.00,2:37.99
F,18,200m Fly,2:51.00,2:37.99
F,19,200m Fly,2:51.00,2:37.99
F,10,100m IM,1:33.00,
F,11,100m IM,1:33.00,
F,12,100m IM,1:26.00,
F,13,100m IM,1:20.00,
F,14,100m IM,1:17.00,
F,15,100m IM,1:16.50,
F,16,100m IM,1:16.00,
F,17,100m IM,1:15.00,
F,18,100m IM,1:15.00,
F,19,100m IM,1:15.00,
F,10,200m IM,3:24.00,
F,11,200m IM,3:24.00,2:56.99
F,12,200m IM,3:11.00,2:56.99
F,13,200m IM,2:53.00,2:48.59
F,14,200m IM,2:49.00,2:41.59
F,15,200m IM,2:46.00,2:37.99
F,16,200m IM,2:46.00,2:36.59
F,17,200m IM,2:46.00,2:32.59
F,18,200m IM,2:46.00,2:32.59
F,19,200m IM,2:46.00,2:32.59
F,10,400m IM,,
F,11,400m IM,,6:24.99
F,12,400m IM,6:30.00,6:24.99
F,13,400m IM,6:05.00,6:05.99
F,14,400m IM,5:50.00,5:46.99
F,15,400m IM,5:48.00,5:38.99
F,16,400m IM,5:45.00,5:36.99
F,17,400m IM,5:45.00,5:34.99
F,18,400m IM,5:45.00,5:34.99
F,19,400m IM,5:45.00,5:34.99
M,10,50m Free,36.50,
M,11,50m Free,36.50,32.99
M,12,50m Free,34.00,32.99
M,13,50m Free,32.00,30.99
M,14,50m Free,30.00,28.99
M,15,50m Free,28.00,27.99
M,16,50m Free,27.50,26.99
M,17,50m Free,26.00,25.99
M,18,50m Free,26.00,25.99
M,19,50m Free,26.00,25.99
M,10,100m Free,1:21.00,
M,11,100m Free,1:21.00,1:12.59
M,12,100m Free,1:16.00,1:12.59
M,13,100m Free,1:08.00,1:07.59
M,14,100m Free,1:06.00,1:03.59
M,15,100m Free,1:03.00,1:00.59
M,16,100m Free,1:01.50,58.59
M,17,100m Free,58.00,56.59
M,18,100m Free,58.00,56.59
M,19,100m Free,58.00,56.59
M,10,200m Free,2:52.60,
M,11,200m Free,2:52.60,2:37.99
M,12,200m Free,2:44.00,2:37.99
M,13,200m Free,2:31.00,2:26.99
M,14,200m Free,2:24.00,2:18.99
M,15,200m Free,2:16.00,2:14.59
M,16,200m Free,2:16.00,2:09.99
M,17,200m Free,2:10.00,2:05.59
M,18,200m Free,2:10.00,2:05.59
M,19,200m Free,2:10.00,2:05.59
M,10,400m Free,6:03.00,
M,11,400m Free,6:03.00,5:39.99
M,12,400m Free,5:45.00,5:39.99
M,13,400m Free,5:22.00,5:17.99
M,14,400m Free,5:00.00,4:57.99
M,15,400m Free,4:45.00,4:47.59
M,16,400m Free,4:45.00,4:41.99
M,17,400m Free,4:35.00,4:34.59
M,18,400m Free,4:35.00,4:34.59
M,19,400m Free,4:35.00,4:34.59
M,10,800m Free,,
M,11,800m Free,,11:29.99
M,12,800m Free,11:30.00,11:29.99
M,13,800m Free,11:00.00,10:39.99
M,14,800m Free,10:30.00,10:05.99
M,15,800m Free,9:50.00,9:47.59
M,16,800m Free,9:50.00,9:36.59
M,17,800m Free,9:50.00,9:24.59
M,18,800m Free,9:50.00,9:24.59
M,19,800m Free,9:50.00,9:24.59
M,10,1500m Free,,
M,11,1500m Free,,21:29.99
M,12,1500m Free,22:00.00,21:29.99
M,13,1500m Free,21:00.00,20:34.99
M,14,1500m Free,20:00.00,19:24.99
M,15,1500m Free,19:30.00,18:44.99
M,16,1500m Free,19:00.00,18:24.99
M,17,1500m Free,18:00.00,17:59.99
M,18,1500m Free,18:00.00,17:59.99
M,19,1500m Free,18:00.00,17:59.99
M,10,50m Back,43.00,
M,11,50m Back,43.00,38.59
M,12,50m Back,40.00,38.59
M,13,50m Back,37.00,35.99
M,14,50m Back,35.50,33.59
M,15,50m Back,33.50,31.99
M,16,50m Back,32.00,30.99
M,17,50m Back,31.50,29.59
M,18,50m Back,31.50,29.59
M,19,50m Back,31.50,29.59
M,10,100m Back,1:33.00,
M,11,100m Back,1:33.00,1:22.59
M,12,100m Back,1:26.00,1:22.59
M,13,100m Back,1:21.50,1:18.59
M,14,100m Back,1:17.00,1:12.59
M,15,100m Back,1:12.50,1:08.99
M,16,100m Back,1:11.00,1:06.99
M,17,100m Back,1:08.00,1:04.99
M,18,100m Back,1:08.00,1:04.99
M,19,100m Back,1:08.00,1:04.99
M,10,200m Back,3:15.30,
M,11,200m Back,3:15.30,2:59.59
M,12,200m Back,3:02.00,2:59.59
M,13,200m Back,2:54.00,2:48.59
M,14,200m Back,2:45.00,2:36.59
M,15,200m Back,2:40.00,2:29.99
M,16,200m Back,2:38.00,2:25.99
M,17,200m Back,2:31.00,2:20.99
M,18,200m Back,2:31.00,2:20.99
M,19,200m Back,2:31.00,2:20.99
M,10,50m Breast,49.00,
M,11,50m Breast,49.00,43.99
M,12,50m Breast,45.50,43.99
M,13,50m Breast,42.00,39.99
M,14,50m Breast,40.00,37.59
M,15,50m Breast,37.50,35.59
M,16,50m Breast,37.00,33.99
M,17,50m Breast,33.50,32.99
M,18,50m Breast,33.50,32.99
M,19,50m Breast,33.50,32.99
M,10,100m Breast,1:46.00,
M,11,100m Breast,1:46.00,1:37.59
M,12,100m Breast,1:38.00,1:37.59
M,13,100m Breast,1:32.00,1:30.99
M,14,100m Breast,1:27.50,1:23.59
M,15,100m Breast,1:25.00,1:18.99
M,16,100m Breast,1:22.50,1:16.59
M,17,100m Breast,1:17.00,1:13.59
M,18,100m Breast,1:17.00,1:13.59
M,19,100m Breast,1:17.00,1:13.59
M,10,200m Breast,3:46.00,
M,11,200m Breast,3:46.00,3:29.99
M,12,200m Breast,3:35.00,3:29.99
M,13,200m Breast,3:28.00,3:14.99
M,14,200m Breast,3:12.00,3:01.99
M,15,200m Breast,3:05.00,2:52.99
M,16,200m Breast,3:01.00,2:47.99
M,17,200m Breast,2:55.00,2:43.99
M,18,200m Breast,2:55.00,2:43.99
M,19,200m Breast,2:55.00,2:43.99
M,10,50m Fly,43.00,
M,11,50m Fly,43.00,36.99
M,12,50m Fly,39.50,36.99
M,13,50m Fly,36.00,33.99
M,14,50m Fly,33.00,31.99
M,15,50m Fly,31.50,29.99
M,16,50m Fly,30.50,28.99
M,17,50m Fly,29.00,27.99
M,18,50m Fly,29.00,27.99
M,19,50m Fly,29.00,27.99
M,10,100m Fly,1:45.00,
M,11,100m Fly,1:45.00,1:29.99
M,12,100m Fly,1:35.00,1:29.99
M,13,100m Fly,1:26.00,1:19.99
M,14,100m Fly,1:20.00,1:12.99
M,15,100m Fly,1:15.50,1:07.99
M,16,100m Fly,1:12.00,1:04.99
M,17,100m Fly,1:08.00,1:02.99
M,18,100m Fly,1:08.00,1:02.99
M,19,100m Fly,1:08.00,1:02.99
M,10,200m Fly,3:48.00,
M,11,200m Fly,3:48.00,3:18.99
M,12,200m Fly,3:27.00,3:18.99
M,13,200m Fly,3:08.00,3:05.59
M,14,200m Fly,2:54.00,2:50.99
M,15,200m Fly,2:45.00,2:35.99
M,16,200m Fly,2:38.00,2:32.99
M,17,200m Fly,2:34.20,2:26.99
M,18,200m Fly,2:34.20,2:26.99
M,19,200m Fly,2:34.20,2:26.99
M,10,100m IM,1:33.00,
M,11,100m IM,1:33.00,
M,12,100m IM,1:26.00,
M,13,100m IM,1:20.00,
M,14,100m IM,1:16.50,
M,15,100m IM,1:13.50,
M,16,100m IM,1:11.00,
M,17,100m IM,1:08.50,
M,18,100m IM,1:08.50,
M,19,100m IM,1:08.50,
M,10,200m IM,3:24.00,
M,11,200m IM,3:24.00,2:59.99
M,12,200m IM,3:11.00,2:59.99
M,13,200m IM,2:53.00,2:48.59
M,14,200m IM,2:48.00,2:38.99
M,15,200m IM,2:42.00,2:30.59
M,16,200m IM,2:38.00,2:26.99
M,17,200m IM,2:30.00,2:24.99
M,18,200m IM,2:30.00,2:24.99
M,19,200m IM,2:30.00,2:24.99
M,10,400m IM,,
M,11,400m IM,,6:24.99
M,12,400m IM,6:30.00,6:24.99
M,13,400m IM,6:05.00,6:05.99
M,14,400m IM,5:50.00,5:45.99
M,15,400m IM,5:40.00,5:29.99
M,16,400m IM,5:30.00,5:19.99
M,17,400m IM,5:20.00,5:12.99
M,18,400m IM,5:20.00,5:12.99
M,19,400m IM,5:20.00,5:12.99
